"Município","ibge","latitude","longitude","/Exportações/Total 2010 (US$ FOB)","/Exportações/Total 2011 (US$ FOB)","/Exportações/Total 2012 (US$ FOB)","/Exportações/Total 2013 (US$ FOB)","/Exportações/Total 2014 (US$ FOB)","/Exportações/Total 2015 (US$ FOB)","/Exportações/Total 2016 (US$ FOB)","/Exportações/Total 2017 (US$ FOB)","/Exportações/Total 2018 (US$ FOB)","/Exportações/Total 2019 (US$ FOB)","/Exportações/Total 2020 (US$ FOB)","/Exportações/Total 2021 (US$ FOB)"
"Aceguá","4300034","-31.860759999990","-54.167059999990","734.517","1.098.507","762.733","840.283","806.794","516.808","694.086","272.855","8.634","6.352","-","2.340"
"Água Santa","4300059","-28.167200000000","-52.030999999990","-","1.160.000","1.502.000","-","-","1.176.210","1.211.220","1.180.350","1.214.790","-","-","-"
"Agudo","4300109","-29.644700000000","-53.251500000000","398.104","465.581","510.196","547.380","390.771","209.467","228.654","326.398","178.151","140.676","297.022","488.398"
"Ajuricaba","4300208","-28.234200000000","-53.775700000000","-","9.898.163","18.385.650","819.000","199.516","-","-","-","-","-","-","-"
"Alegrete","4300406","-29.790199999990","-55.794899999990","996.835","1.930.949","709.499","5.843.721","9.575.470","6.620.691","10.340.152","5.643.375","26.332.231","59.642.512","31.087.726","31.205.522"
"Alto Feliz","4300570","-29.391900000000","-51.312300000000","29.977","105.558","165.595","159.030","127.003","135.820","296.489","390.613","448.005","584.985","279.493","98.965"
"Alvorada","4300604","-29.991399999990","-51.080900000000","1.504.412","2.025.452","2.176.732","3.897.826","2.359.359","1.400.109","2.557.185","5.175.397","4.659.159","4.946.800","5.036.505","13.991.331"
"Ametista do Sul","4300646","-27.360700000000","-53.183000000000","2.677.439","2.890.800","2.224.397","5.105.251","4.450.106","4.244.836","4.508.233","7.057.861","8.745.561","8.620.911","7.732.298","17.125.896"
"Anta Gorda","4300703","-28.969799999990","-52.010199999990","94.615","-","98.513","75.144","71.800","70.000","45.676","-","-","-","5.415","253.660"
"Antônio Prado","4300802","-28.856500000000","-51.288300000000","8.034.064","8.397.815","10.303.508","11.261.576","11.809.058","9.830.516","9.548.822","10.762.788","13.862.790","13.612.322","18.280.717","34.710.940"
"Araricá","4300877","-29.616800000000","-50.929099999990","2.448.809","1.761.218","959.192","1.764.227","1.082.312","1.158.935","843.484","1.321.138","708.588","608.632","594.868","568.522"
"Aratiba","4300901","-27.397800000000","-52.297499999990","337.759","365.356","37.946","401.988","163.217","122.154","146.187","157.422","297.882","185.925","38.047","15.919"
"Arroio do Meio","4301008","-29.401399999990","-51.955700000000","19.966.919","23.701.401","23.631.756","22.538.282","25.750.743","29.324.994","23.549.235","25.200.674","25.317.991","34.550.916","28.845.930","37.483.996"
"Arroio do Sal","4301057","-29.543900000000","-49.889499999990","-","8.649","-","-","60.140","31.395","102.680","2.314","167.126","25.168","229.502","252.820"
"Arroio dos Ratos","4301107","-30.087500000000","-51.727499999990","-","-","-","170.034","-","-","2.739.432","9.175.244","9.716.649","12.209.225","6.638.433","3.757.488"
"Arroio Grande","4301305","-32.232700000000","-53.086199999990","-","-","-","-","-","-","6.452.891","12.543.548","1.340.541","8.661.836","777.312","292.780"
"Arvorezinha","4301404","-28.873699999990","-52.178100000000","-","-","21.031","20.781","779.608","1.387.917","981.587","1.296.503","1.025.304","1.664.836","3.498.455","4.844.502"
"Áurea","4301552","-27.693600000000","-52.050500000000","-","-","-","-","-","-","-","-","-","237.389","1.677.972","2.210.004"
"Bagé","4301602","-31.329699999990","-54.099899999990","42.095.044","15.715.773","14.885.864","51.376.826","70.423.114","61.447.307","75.258.903","60.830.104","69.408.838","70.166.670","115.988.848","118.352.606"
"Balneário Pinhal","4301636","-30.241900000000","-50.233600000000","6.967.498","11.990.426","9.867.693","11.613.886","17.502.018","15.572.224","15.020.380","15.385.577","19.997.748","19.122.949","13.876.308","29.374.984"
"Barão","4301651","-29.372500000000","-51.494900000000","1.416.503","1.919.816","1.533.232","2.311.923","1.098.935","965.604","1.024.802","1.423.837","1.015.478","592.198","1.706.832","1.540.941"
"Barão de Cotegipe","4301701","-27.620799999990","-52.379800000000","1.862.596","2.576.535","2.629.105","4.591.311","7.357.296","5.445.661","5.329.450","5.336.419","5.415.406","6.796.771","5.838.925","6.079.736"
"Barão do Triunfo","4301750","-30.389099999990","-51.738399999990","23.296.365","34.173.659","24.094.186","5.578.543","786.806","-","-","-","-","-","-","-"
"Barra do Ribeiro","4301909","-30.293900000000","-51.301400000000","3.314.546","4.008.058","4.478.769","5.022.469","6.799.624","6.448.363","6.820.454","6.208.572","6.442.849","6.738.501","5.133.742","9.208.625"
"Barra Funda","4301958","-27.920500000000","-53.039099999990","-","-","-","-","-","-","22.880","-","-","-","-","56.909"
"Bento Gonçalves","4302105","-29.166200000000","-51.516500000000","104.632.702","118.447.370","112.881.003","94.499.772","89.574.449","63.392.288","69.438.317","81.605.675","77.113.487","89.592.915","79.426.848","114.344.938"
"Boa Vista das Missões","4302154","-27.667100000000","-53.310200000000","-","-","-","-","-","-","-","-","-","-","-","25.994"
"Boa Vista do Buricá","4302204","-27.669300000000","-54.108199999990","-","-","-","-","-","190.088","403.442","227.155","581.757","131.022","-","91.724"
"Boa Vista do Sul","4302253","-29.354399999990","-51.668700000000","13.047.355","29.894.990","9.326.371","12.295.242","8.956.069","5.243.571","4.754.285","4.673.527","4.570.617","3.498.520","4.126.319","5.940.852"
"Bom Jesus","4302303","-28.669699999990","-50.429499999990","-","-","9.030","3.670","12.478","-","-","8.773","31.433","40.828","28.224","189.256"
"Bom Princípio","4302352","-29.485600000000","-51.354799999990","5.729.386","4.642.608","3.526.290","2.976.882","2.776.328","3.631.199","4.725.275","3.826.180","5.869.904","4.334.159","3.365.143","4.957.433"
"Bom Retiro do Sul","4302402","-29.608599999990","-51.946399999990","1.384.022","2.029.117","1.175.930","733.514","821.298","440.317","1.679.098","1.499.183","767.903","964.667","1.020.811","1.894.926"
"Bossoroca","4302501","-28.729099999990","-54.903500000000","4.993.755","9.176.414","4.893.625","5.847.096","4.342.705","4.749.550","3.182.214","2.786.793","2.825.710","3.896.491","2.006.054","2.028.351"
"Brochier","4302659","-29.550100000000","-51.594499999990","423.306","734.488","367.319","519.584","556.454","558.103","637.739","780.274","757.520","1.001.100","399.309","36.896"
"Butiá","4302709","-30.117899999990","-51.960099999990","558.457","388.258","1.528.621","870.066","517.520","30.626","174.004","83.840","-","68.526","211.113","232.283"
"Caçapava do Sul","4302808","-30.514399999990","-53.482700000000","551.543","415.708","460.253","762.545","353.945","407.090","753.709","778.727","521.855","784.234","693.900","899.415"
"Cacequi","4302907","-29.888300000000","-54.822000000000","-","-","-","20.588","-","-","-","-","-","-","573.559","-"
"Cachoeira do Sul","4303004","-30.033000000000","-52.892800000000","9.131.528","85.146.635","100.614.262","108.960.827","23.044.147","136.850.388","58.230.755","18.935.068","12.876.263","6.793.238","8.089.732","23.002.530"
"Cachoeirinha","4303103","-29.947199999990","-51.101599999990","43.153.399","49.906.438","54.261.306","49.332.570","50.614.728","41.067.266","34.030.079","45.606.767","34.116.543","35.996.123","29.531.393","36.163.146"
"Caibaté","4303301","-28.290500000000","-54.645400000000","-","-","-","250.000","-","60.000","-","-","-","-","-","309"
"Camaquã","4303509","-30.848900000000","-51.804299999990","24.342.596","41.069.479","37.952.429","24.173.349","22.731.404","24.211.714","23.816.754","26.119.917","26.795.414","42.862.178","124.142.602","72.634.812"
"Camargo","4303558","-28.588000000000","-52.200299999990","-","-","-","-","-","-","-","439.554","126.192","204.564","73.304","104.172"
"Cambará do Sul","4303608","-29.047400000000","-50.146500000000","7.981.102","6.813.610","4.667.301","7.262.831","9.414.545","9.458.865","10.942.849","12.840.023","13.136.561","12.677.936","12.014.253","17.222.329"
"Campestre da Serra","4303673","-28.792600000000","-51.094099999990","-","-","18.213","19.614","-","-","-","-","5.000","10.610","-","25.872"
"Campo Bom","4303905","-29.674700000000","-51.060600000000","195.302.307","140.606.317","84.532.048","83.880.090","73.918.558","69.395.474","90.473.294","74.928.620","76.470.343","67.161.595","48.815.764","74.715.650"
"Campo Novo","4304002","-27.679200000000","-53.805199999990","-","3.693.500","-","-","-","-","-","-","-","-","-","-"
"Campos Borges","4304101","-28.887100000000","-53.000799999990","-","-","-","-","-","-","-","-","-","94.000","-","480.112"
"Candelária","4304200","-29.668399999990","-52.789499999990","126.867","957.116","1.094.119","1.532.496","2.339.357","2.592.202","2.365.039","2.656.041","2.364.531","2.189.305","2.045.749","2.023.300"
"Cândido Godói","4304309","-27.951499999990","-54.751700000000","1.026.536","1.186.604","225.491","985.943","1.312.607","324.342","437.855","739.998","1.548.107","1.125.270","2.410.175","1.721.598"
"Candiota","4304358","-31.551500000000","-53.677300000000","-","-","-","-","-","-","-","-","-","161.186","846.524","70.917"
"Canela","4304408","-29.356000000000","-50.811900000000","1.951.333","2.142.945","2.136.804","1.858.476","1.804.360","1.561.575","2.594.635","3.404.652","3.333.042","5.851.654","2.158.729","3.701.531"
"Canguçu","4304507","-31.396000000000","-52.678199999990","-","-","-","-","-","-","-","-","-","3","-","-"
"Canoas","4304606","-29.912800000000","-51.185699999990","615.894.329","857.602.047","624.988.427","859.816.709","843.986.633","513.347.203","370.685.285","371.364.785","209.669.429","195.615.339","130.623.341","226.574.423"
"Capão da Canoa","4304630","-29.639700000000","-49.959899999990","-","-","-","-","67.488","-","-","-","-","-","-","-"
"Capão do Cipó","4304655","-28.904000000000","-54.700000000000","-","1.900.000","6.000.000","9.839.315","6.160.255","2.500.000","-","-","-","-","-","-"
"Capão do Leão","4304663","-31.756499999990","-52.488900000000","19.187.110","26.160.716","9.317.292","7.335.950","12.768.973","11.871.663","8.146.818","5.499.937","42.184.650","39.729.959","45.766.192","12.537.646"
"Capela de Santana","4304689","-29.696100000000","-51.328000000000","84.345","246","5.355","443","7.315","18.412","-","-","436.850","1.513.257","799.726","490.109"
"Capitão","4304697","-29.267399999990","-51.985300000000","-","-","-","-","-","-","-","-","-","-","-","1.027"
"Capivari do Sul","4304671","-30.138200000000","-50.515099999990","1.458.106","1.942.858","3.831.346","1.789.767","1.603.353","1.484.038","668.693","217.985","172.282","223.968","-","-"
"Carazinho","4304705","-28.295800000000","-52.793300000000","878.783","22.100","78.933","156.881","125.479","99.300","136.034","852.172","1.062.714","511.892","338.385","687.167"
"Carlos Barbosa","4304804","-29.296900000000","-51.502899999990","155.044.580","184.365.651","155.030.985","163.772.485","162.605.552","155.536.411","158.598.393","175.776.674","180.249.220","184.528.926","209.532.426","331.609.872"
"Casca","4304903","-28.560500000000","-51.981499999990","145.369","309.774","449.360","336.625","444.776","868.500","411.948","1.384.914","1.403.888","1.046.041","1.531.924","1.353.769"
"Caseiros","4304952","-28.258199999990","-51.686100000000","-","-","-","-","-","-","-","-","-","-","24.492","249.031"
"Caxias do Sul","4305108","-29.162900000000","-51.179200000000","859.541.399","1.033.901.012","1.042.196.415","915.902.778","852.216.130","763.899.489","749.111.606","767.000.953","827.503.817","683.306.565","498.848.508","563.604.123"
"Cerro Largo","4305207","-28.146200000000","-54.742800000000","123.835","155.089","107.997","206.998","99.762","15.239","30.254","157.062","165.463","79.545","36.732","98.615"
"Chapada","4305306","-28.055900000000","-53.066499999990","-","1.740.000","-","-","-","84.919","-","-","-","-","-","-"
"Charqueadas","4305355","-29.962500000000","-51.628900000000","41.018.540","58.633.226","55.395.962","43.452.770","54.294.020","53.967.311","35.702.491","61.657.421","97.976.075","68.456.728","48.983.293","71.137.910"
"Chuí","4305439","-33.686599999990","-53.459400000000","6.906.032","7.834.919","5.877.657","2.813.011","1.937.281","2.822.177","1.414.062","1.249.606","1.692.753","1.017.208","830.994","965.792"
"Chuvisca","4305447","-30.750399999990","-51.973700000000","283.932","283.932","-","-","-","-","-","-","-","-","-","-"
"Colinas","4305587","-29.381499999990","-51.852600000000","-","-","-","-","-","-","7.616","-","-","-","400","12.448"
"Colorado","4305603","-28.525800000000","-52.992800000000","-","-","-","-","-","-","-","-","24.000","65.800","2.600","9.281"
"Condor","4305702","-28.207500000000","-53.490499999990","67.330","868.666","69.442","147.799","130.270","28.226","223.094","146.780","485.396","126.927","310.257","294.353"
"Constantina","4305801","-27.731999999990","-52.993800000000","-","402","-","-","-","-","126","612","24.298","-","-","2.583"
"Coronel Barros","4305871","-28.392199999990","-54.068600000000","-","137.500","132.500","-","-","-","-","-","-","-","-","-"
"Cotiporã","4305959","-28.989100000000","-51.697099999990","89.053","335.080","181.430","447.556","207.680","88.301","206.380","33.040","40.990","1.634.973","126.558","853.326"
"Coxilha","4305975","-28.128000000000","-52.302300000000","-","25","-","38.250","-","-","721.896","908.434","859.797","756.616","356.436","357.020"
"Crissiumal","4306007","-27.499900000000","-54.099400000000","5.696.781","6.105.126","27.027","672.323","3.376.228","9.512.939","14.318.227","12.975.533","4.137.508","7.467.719","3.848.011","7.788.057"
"Cristal","4306056","-31.004600000000","-52.043599999990","-","-","-","-","-","-","5.470.179","17.299.929","28.579.689","4.165.089","8.268.486","-"
"Cristal do Sul","4306072","-27.452000000000","-53.242199999990","57.441","107.286","-","-","-","-","-","-","-","-","-","-"
"Cruz Alta","4306106","-28.645000000000","-53.604799999990","132.783.451","544.475.868","703.779.914","1.143.692.044","689.778.995","346.065.321","264.555.211","379.835.816","525.910.289","574.474.017","382.857.869","890.572.017"
"Cruzeiro do Sul","4306205","-29.514800000000","-51.992800000000","11.149.346","10.549.586","18.681.479","17.311.677","16.817.051","15.386.461","13.781.377","27.243.903","18.462.195","21.643.698","12.956.190","29.995.026"
"Dilermando de Aguiar","4306379","-29.705400000000","-54.212200000000","-","-","1.010","-","2.413","1.853","-","-","-","-","103","6.893"
"Dois Irmãos","4306403","-29.583600000000","-51.089799999990","117.534.904","100.080.132","65.764.478","63.183.803","69.378.677","60.750.633","69.136.514","64.242.182","60.793.906","75.562.553","58.666.102","73.406.960"
"Dois Lajeados","4306452","-28.983000000000","-51.839599999990","4.024.175","1.893.896","-","-","-","1.019.993","3.556.428","836.870","4.007.292","5.283.161","5.772.368","4.850.884"
"Dom Pedrito","4306601","-30.975600000000","-54.669400000000","1.288.225","4.356.662","935.649","45.000","-","-","360.295","551.067","475.446","3.160.975","1.893.011","815.026"
"Dona Francisca","4306700","-29.619499999990","-53.361699999990","155.583","205.167","-","-","-","-","-","-","-","-","-","-"
"Doutor Ricardo","4306759","-29.084000000000","-51.997100000000","602.453","472.131","542.846","668.783","835.483","842.668","562.104","554.546","399.273","571.073","378.610","539.592"
"Eldorado do Sul","4306767","-30.084700000000","-51.618699999990","3.392.381","9.395.298","6.901.593","3.963.345","3.352.796","4.014.299","2.407.593","3.777.154","3.811.609","3.235.075","1.878.198","3.301.955"
"Encantado","4306809","-29.235099999990","-51.870300000000","41.378.216","45.654.304","75.894.078","91.285.087","93.559.437","89.251.193","74.563.051","77.476.847","94.504.204","84.479.224","100.752.095","104.089.749"
"Encruzilhada do Sul","4306908","-30.542999999990","-52.520400000000","3.614.333","2.363.416","1.630.076","882.143","1.481.147","1.620.847","2.477.799","4.211.134","4.588.087","3.551.767","3.623.518","4.618.619"
"Entre Rios do Sul","4306957","-27.529800000000","-52.734699999990","-","-","-","-","-","-","-","-","48.183","-","7.434","-"
"Entre-ijuís","4306932","-28.368600000000","-54.268599999990","779.740","1.082.520","558.900","295.000","-","-","-","-","-","-","-","-"
"Erebango","4306973","-27.854399999990","-52.300500000000","656.655","545.855","349.376","317.206","256.585","284.198","-","-","-","43.051","30.700","33.402"
"Erechim","4307005","-27.636399999990","-52.269700000000","105.790.512","100.311.791","144.494.123","139.671.385","145.684.114","146.114.933","109.709.160","88.548.672","107.021.674","78.713.609","66.664.697","107.499.011"
"Ernestina","4307054","-28.497699999990","-52.583599999990","-","1.088","-","-","546.301","2.592.809","2.137.398","1.958.236","211.500","-","-","10.709"
"Erval Grande","4307203","-27.392600000000","-52.573999999990","26.038","48.153","28.206","-","20.718","-","24.250","76.617","54.824","55.070","28.308","47.099"
"Espumoso","4307500","-28.728600000000","-52.846100000000","-","1.740.000","4.770.000","-","-","-","-","-","6.460","-","-","-"
"Estação","4307559","-27.913499999990","-52.263500000000","10.299","98.994","11.521","4.635","-","-","79.246","734.826","770.388","374.205","20.940","440.041"
"Estância Velha","4307609","-29.653500000000","-51.184300000000","110.637.649","91.373.320","52.762.914","59.824.835","51.760.948","52.045.864","61.804.782","60.387.569","57.990.190","68.327.772","64.673.334","63.316.038"
"Esteio","4307708","-29.852000000000","-51.184100000000","58.598.610","62.100.594","62.541.731","69.094.484","65.690.564","66.019.918","58.052.190","54.927.121","50.919.108","59.206.631","53.279.236","55.364.348"
"Estrela","4307807","-29.501600000000","-51.960500000000","6.903.671","9.408.022","10.731.982","11.718.079","10.562.713","9.544.714","11.519.609","12.407.763","11.741.723","10.598.622","15.345.329","21.108.425"
"Fagundes Varela","4307864","-28.879400000000","-51.701400000000","-","-","-","-","-","-","-","10.940","17.309","54.519","73.006","15.748"
"Farroupilha","4307906","-29.222700000000","-51.341900000000","57.445.191","66.173.524","64.011.768","65.032.388","75.228.720","74.506.205","73.076.023","76.849.068","80.094.292","77.383.571","74.487.713","92.995.750"
"Faxinal do Soturno","4308003","-29.578800000000","-53.448399999990","4.731.174","46.284.841","4.837.567","4.893","10.036","7.900","7.439","9.264","7.589","4.222","2.858","4.363"
"Fazenda Vilanova","4308078","-29.588500000000","-51.821700000000","-","-","-","-","-","134.749","475.663","259.608","218.556","162.962","269.006","284.095"
"Feliz","4308102","-29.452700000000","-51.303199999990","15.585.110","23.646.037","15.908.245","14.654.004","13.949.288","10.563.291","7.660.968","9.182.056","8.819.679","13.731.568","13.019.106","14.181.218"
"Flores da Cunha","4308201","-29.026199999990","-51.187500000000","22.992.757","31.374.419","28.288.658","34.727.452","31.355.739","35.735.326","43.854.769","40.861.874","44.257.976","37.240.145","32.167.929","47.645.454"
"Fontoura Xavier","4308300","-28.981600000000","-52.344499999990","-","-","-","-","-","-","-","-","10.792","40.363","441.644","689.421"
"Frederico Westphalen","4308508","-27.358599999990","-53.395800000000","35.632.966","48.915.132","26.212.709","25.107.269","44.077.868","33.399.702","6.381.421","5.944.925","7.107.108","4.805.485","1.024.143","16.866.880"
"Garibaldi","4308607","-29.259000000000","-51.535200000000","62.525.404","67.185.958","54.956.745","54.961.006","53.841.897","59.576.092","64.271.091","54.480.786","41.604.180","63.366.721","64.015.054","86.400.354"
"Garruchos","4308656","-28.194400000000","-55.638300000000","343.173.663","163.040.910","-","-","-","-","-","-","2.500","-","-","-"
"Gaurama","4308706","-27.585599999990","-52.091500000000","1.284.916","2.108.268","1.165.454","951.783","1.065.579","412.042","550.376","655.572","629.908","823.971","351.015","614.424"
"Gentil","4308854","-28.431600000000","-52.033700000000","-","-","-","-","-","-","-","-","-","-","-","1.926"
"Getúlio Vargas","4308904","-27.891100000000","-52.229399999990","3.889.032","6.093.412","3.572.546","4.553.198","6.846.913","2.091.761","1.124.422","770.024","3.526.772","2.582.343","1.718.066","4.754.739"
"Giruá","4309001","-28.029699999990","-54.351700000000","-","-","31.088","-","-","-","-","-","-","-","-","5.760.378"
"Glorinha","4309050","-29.879799999990","-50.773400000000","3.891.219","4.172.842","4.837.693","4.733.351","6.810.081","6.943.643","12.992.441","15.715.630","7.954.235","6.975.583","7.311.257","8.324.897"
"Gramado","4309100","-29.373300000000","-50.876199999990","10.185.131","11.858.823","9.362.269","7.811.250","7.320.877","6.685.013","6.634.435","7.604.178","6.453.673","6.629.020","4.819.678","9.961.504"
"Gramado dos Loureiros","4309126","-27.442900000000","-52.914900000000","-","-","-","-","-","-","-","-","-","5.055","48.656","14.103"
"Gravataí","4309209","-29.941299999990","-50.986899999990","415.779.525","660.783.814","608.748.747","898.235.516","577.893.573","612.717.575","677.826.557","1.050.346.480","946.872.967","729.100.845","405.904.212","385.643.812"
"Guaíba","4309308","-30.108599999990","-51.323300000000","206.101.468","209.581.566","166.878.843","171.900.947","164.428.634","349.033.304","626.891.709","469.249.097","862.951.339","1.314.674.455","674.983.318","1.046.496.516"
"Guaporé","4309407","-28.839900000000","-51.889499999990","15.414.746","16.389.567","17.950.627","14.739.031","11.926.637","12.380.100","17.036.587","11.054.381","14.484.942","13.060.996","14.236.383","13.630.250"
"Guarani das Missões","4309506","-28.149100000000","-54.562899999990","27.863.319","23.083.737","10.726.515","33.021.589","22.663.883","16.168.301","393.650","5.951","-","22.424","-","-"
"Harmonia","4309555","-29.545600000000","-51.418500000000","-","-","-","-","-","-","-","13.214","-","1.296.005","2.429.566","2.639.463"
"Horizontina","4309605","-27.628200000000","-54.305300000000","180.727.688","206.863.307","129.010.589","183.264.328","143.610.621","93.639.837","87.282.754","140.364.618","98.766.762","66.884.098","61.621.808","93.593.164"
"Hulha Negra","4309654","-31.406700000000","-53.866700000000","74.731.031","121.794.795","115.879.126","116.851.708","127.399.367","117.065.849","96.010.707","97.124.772","106.631.720","101.685.118","106.721.838","115.023.095"
"Ibiraiaras","4309902","-28.374099999990","-51.637700000000","3.735.901","8.731.389","4.057.678","-","239.177","199.768","10.567.341","1.547.972","37.450","17.899","20.069","-"
"Ibirubá","4310009","-28.630199999990","-53.096100000000","21.942.871","40.352.327","73.146.518","80.629.035","44.972.776","31.737.664","14.917.070","14.234.544","14.375.059","6.986.937","12.030.785","13.260.973"
"Igrejinha","4310108","-29.569299999990","-50.791899999990","65.338.547","68.957.880","78.918.349","87.265.713","95.043.838","76.457.806","70.849.617","80.297.728","87.678.310","88.860.646","49.663.618","59.633.778"
"Ijuí","4310207","-28.388100000000","-53.920000000000","4.369.273","10.052.074","2.823.830","18.811.655","63.093.330","41.978.934","37.937.616","45.779.196","77.647.465","80.801.851","85.109.415","66.196.584"
"Ilópolis","4310306","-28.928200000000","-52.125799999990","-","-","-","-","-","-","3.500","-","-","47.239","7.668","11.237"
"Imigrante","4310363","-29.350800000000","-51.774700000000","1.580.773","2.005.841","1.928.718","1.726.453","1.536.153","1.859.626","3.041.589","8.996.565","7.946.192","4.982.270","6.002.636","9.490.686"
"Independência","4310405","-27.835400000000","-54.188600000000","323.343","257.221","646.631","519.918","378.900","315.861","300.581","528.957","358.012","415.637","184.770","357.202"
"Ipê","4310439","-28.817100000000","-51.285899999990","-","-","-","-","-","-","-","-","-","-","-","307.131"
"Ipiranga do Sul","4310462","-27.940400000000","-52.427100000000","-","-","-","-","-","-","-","-","-","-","10.799","4.932"
"Itaqui","4310603","-29.131000000000","-56.551499999990","9.233.798","16.542.555","9.302.055","7.196.367","15.862.805","11.510.749","8.848.701","5.408.671","7.882.232","11.182.171","16.030.154","12.996.046"
"Ivoti","4310801","-29.599499999990","-51.153300000000","24.231.547","21.510.454","28.659.792","42.392.544","51.196.788","37.050.661","28.993.166","36.343.058","34.441.123","35.320.082","33.861.048","52.966.793"
"Jacutinga","4310900","-27.729099999990","-52.537199999990","28.728","-","-","-","-","-","-","-","2.104.673","57.357","56.469","159.647"
"Jaguarão","4311007","-32.560400000000","-53.377000000000","3.848.636","5.415.644","3.484.252","5.779.791","9.137.746","6.571.340","6.595.824","3.084.488","3.302.024","6.028.868","12.358.113","11.166.549"
"Jaguari","4311106","-29.493600000000","-54.703000000000","732.829","1.697.489","1.218.830","2.138.993","2.282.609","1.881.209","2.207.009","2.655.146","2.049.613","698.037","285.417","320.419"
"Jaquirana","4311122","-28.881100000000","-50.363700000000","-","-","-","-","-","-","-","-","-","-","-","67.390"
"Jari","4311130","-29.292200000000","-54.223700000000","-","-","-","-","-","-","-","-","104.007","-","-","-"
"Jóia","4311155","-28.643500000000","-54.114100000000","-","-","4.370.499","22.151.790","12.882.934","8.468.530","-","-","242.683","-","76.443","-"
"Júlio de Castilhos","4311205","-29.229800000000","-53.677199999990","4.232.509","11.110.363","17.236.752","22.719.580","8.792.529","7.431.988","6.487.228","3.827.424","7.455.870","3.694.964","10.612.338","11.619.804"
"Lagoa Vermelha","4311304","-28.209299999990","-51.524799999990","14.850.051","18.303.025","16.357.736","21.640.598","20.647.997","19.996.650","16.801.656","15.952.077","15.847.124","14.075.151","15.743.275","31.268.933"
"Lajeado","4311403","-29.459099999990","-51.964399999990","73.407.752","123.022.963","109.307.520","94.297.341","90.785.580","80.603.303","69.016.689","84.113.151","92.087.235","89.744.983","67.413.458","95.316.435"
"Lavras do Sul","4311502","-30.807099999990","-53.893099999990","-","-","-","-","7.000","-","-","-","-","-","-","-"
"Liberato Salzano","4311601","-27.600999999990","-53.075299999990","-","-","391.428","2.076.956","796.486","818.425","459.375","393.750","914.375","897.865","2.052.609","2.786.434"
"Lindolfo Collor","4311627","-29.585899999990","-51.214100000000","72.794.845","71.082.649","86.428.330","102.789.158","124.741.842","72.503.417","69.241.167","57.673.999","50.344.741","43.379.622","37.004.532","51.232.507"
"Machadinho","4311700","-27.566700000000","-51.666800000000","-","-","-","983.676","1.169.140","2.371.281","1.771.494","1.518.212","1.724.655","1.772.916","1.253.632","1.402.969"
"Maratá","4311791","-29.545700000000","-51.557299999990","395.469","676.847","1.170.553","1.869.275","1.534.337","1.500.652","298.277","-","-","-","-","-"
"Marau","4311809","-28.449800000000","-52.198599999990","22.663.976","23.232.377","14.993.463","37.222.009","35.278.393","38.784.402","34.620.923","44.071.506","34.841.520","21.417.965","31.073.175","43.766.670"
"Marques de Souza","4312054","-29.331099999990","-52.097299999990","5.001","-","2.124","1.310","-","-","-","-","-","-","-","-"
"Mato Leitão","4312153","-29.528500000000","-52.127800000000","521.740","863.310","869.679","1.024.157","885.110","529.493","328.609","464.304","663.733","427.288","338.680","67.666"
"Minas do Leão","4312252","-30.134599999990","-52.042299999990","761.845","-","-","46.188","724.774","1.831.607","1.994.022","242.537","64.117","52.842","94.016","1.025.075"
"Miraguaí","4312302","-27.497000000000","-53.689100000000","-","6.843.760","7.775.317","11.245.784","11.889.558","9.908.331","9.236.569","17.514.843","18.590.242","27.778.075","18.240.906","22.180.617"
"Montauri","4312351","-28.646200000000","-52.076700000000","1.693","41.868","48.954","25.832","12.305","45.880","67.491","142.990","250.607","453.931","388.192","306.864"
"Monte Alegre dos Campos","4312377","-28.680499999990","-50.783400000000","-","-","-","-","-","-","-","-","-","18.698","-","-"
"Monte Belo do Sul","4312385","-29.160699999990","-51.633299999990","-","8.700","7.940.845","8.538.003","5.553.598","3.661.219","2.553.879","2.437.806","2.462.448","2.182.616","2.971.070","2.005.576"
"Montenegro","4312401","-29.682400000000","-51.467900000000","204.232.006","223.095.662","332.449.028","488.885.941","451.484.412","389.618.335","400.963.708","542.889.192","323.555.818","203.848.793","211.684.253","363.748.724"
"Morro Redondo","4312450","-31.588699999990","-52.626100000000","139.794","31.285","261.280","784.189","1.104.715","1.067.492","1.450.673","1.596.904","1.085.329","760.084","1.453.291","2.799.314"
"Morro Reuter","4312476","-29.537900000000","-51.081099999990","254.079","462.599","176.566","114.693","41.048","62.300","35.057","6.063","16.999","14.312","6.939","8.204"
"Mostardas","4312500","-31.105399999990","-50.916699999990","6.995.745","3.325.527","1.002.551","939.315","2.086.289","2.569.396","1.253.949","888.567","235.066","220.332","505.530","439.995"
"Muçum","4312609","-29.163000000000","-51.871400000000","19.587.198","24.571.119","17.467.503","47.918.150","42.304.065","30.216.129","30.467.300","25.399.310","22.410.753","20.301.671","12.556.630","10.967.834"
"Muitos Capões","4312617","-28.313199999990","-51.183599999990","367.661","-","-","7.715.844","9.409.467","17.971.357","4.125.642","11.577.592","13.000.362","15.937.709","14.429.897","14.078.486"
"Não-Me-Toque","4312658","-28.454799999990","-52.818199999990","31.636.482","61.094.549","41.951.033","56.834.628","35.974.102","24.088.299","28.176.206","29.161.261","27.401.268","28.395.451","32.283.848","57.998.799"
"Nonoai","4312708","-27.368900000000","-52.775599999990","264.125","1.822.043","254.676","797.595","853.328","768.853","656.229","1.427.685","2.086.108","2.708.440","2.582.263","7.394.884"
"Nova Alvorada","4312757","-28.682200000000","-52.163100000000","-","-","-","-","-","-","-","-","55.613","137.986","103.502","104.060"
"Nova Araçá","4312807","-28.653700000000","-51.745800000000","21.964.699","24.084.217","42.019.394","31.332.220","39.141.681","68.922.654","68.201.207","49.218.986","27.388.877","24.657.542","42.247.740","67.016.121"
"Nova Bassano","4312906","-28.729099999990","-51.707200000000","23.331.959","7.507.158","92.625.357","16.745.673","5.692.948","6.002.020","16.612.143","26.388.148","10.450.678","11.921.515","24.744.828","10.597.957"
"Nova Boa Vista","4312955","-27.992599999990","-52.978400000000","-","-","-","-","-","-","281.055","-","-","-","-","-"
"Nova Candelária","4313011","-27.613700000000","-54.107399999990","-","-","-","-","-","-","992","-","40.791","10.811","12.574","14.882"
"Nova Esperança do Sul","4313037","-29.406600000000","-54.829300000000","17.224","47.462","34.276","41.098.898","53.089.555","55.835.446","49.637.831","49.869.247","41.970.939","41.012.339","35.199.460","54.708.622"
"Nova Hartz","4313060","-29.580700000000","-50.905099999990","12.190.208","11.776.529","9.612.137","11.331.529","11.632.634","12.526.410","15.451.997","26.233.443","26.607.113","31.290.643","33.186.406","35.839.130"
"Nova Pádua","4313086","-29.027500000000","-51.309800000000","172.912","147.755","2.400","65.928","17.580","30.825","16.185","14.408","-","6.707","3.744","-"
"Nova Palma","4313102","-29.471000000000","-53.468899999990","-","5.380.530","5.230.846","630.000","514.440","382.890","-","-","-","-","-","16.212"
"Nova Petrópolis","4313201","-29.374099999990","-51.113500000000","1.549.651","1.634.468","717.205","505.311","840.409","853.698","1.206.612","1.704.537","1.790.706","1.337.494","1.337.831","1.249.359"
"Nova Prata","4313300","-28.779900000000","-51.611300000000","97.493.134","129.331.621","96.022.923","119.296.655","121.868.265","101.556.389","80.835.627","84.284.828","80.600.585","88.276.246","99.356.089","122.800.122"
"Nova Ramada","4313334","-28.066700000000","-53.699199999990","-","-","-","-","-","381.050","533.528","1.489.570","1.555.630","1.105.930","364.000","800.996"
"Nova Roma do Sul","4313359","-28.988199999990","-51.409500000000","1.351.891","1.737.525","1.563.093","1.669.744","2.129.432","2.086.842","1.711.831","2.025.781","2.013.713","2.091.759","2.093.016","2.577.496"
"Nova Santa Rita","4313375","-29.852499999990","-51.283700000000","9.326.801","11.020.633","11.789.874","12.924.511","9.953.698","8.291.367","32.521.556","9.634.337","9.072.031","5.683.639","5.306.999","3.768.866"
"Novo Cabrais","4313391","-29.733799999990","-52.948900000000","-","-","-","-","131.783","359.832","215.287","25.550","-","288.048","340.533","180.822"
"Novo Hamburgo","4313409","-29.687600000000","-51.132800000000","187.431.195","179.926.386","134.959.367","133.621.178","136.311.513","127.262.990","126.122.013","121.267.417","121.943.159","126.097.967","92.304.360","137.241.264"
"Osório","4313508","-29.888100000000","-50.266700000000","-","-","6.275","-","-","8.233","515.283","4.102.517","9.503","23.259","326.662","96.342"
"Palmares do Sul","4313656","-30.253499999990","-50.510300000000","1.096.415","2.369.630","715.871","64.925","-","-","18.799","-","422","-","13.673","-"
"Palmeira das Missões","4313706","-27.900600000000","-53.313400000000","-","-","-","-","11.524","15.006","51.955","9.998.326","2.685.270","4.931.477","481.187","1.367.172"
"Palmitinho","4313805","-27.359600000000","-53.558000000000","-","-","-","-","-","11.465","-","-","-","-","-","-"
"Panambi","4313904","-28.283300000000","-53.502299999990","53.314.725","87.543.320","67.358.701","55.342.323","56.078.934","34.279.445","41.817.490","38.959.074","24.443.542","26.825.743","27.842.291","37.948.580"
"Pantano Grande","4313953","-30.190100000000","-52.372900000000","-","-","-","-","-","-","-","-","-","35.173","1.079.054","3.707.609"
"Paraí","4314001","-28.596399999990","-51.789600000000","1.331.912","922.069","468.714","1.408.349","599.379","658.412","769.615","744.102","842.396","868.437","1.073.606","2.030.343"
"Pareci Novo","4314035","-29.636500000000","-51.397399999990","-","-","-","-","-","11.253","4.339.807","6.066.887","7.236.737","3.401.681","3.005.003","2.121.622"
"Parobé","4314050","-29.624300000000","-50.831200000000","22.172.956","25.393.040","23.073.444","21.328.642","20.997.359","16.983.440","19.079.789","23.188.824","20.514.797","19.006.985","16.432.311","23.655.249"
"Passo do Sobrado","4314076","-29.748000000000","-52.274799999990","97.146","-","2.750","-","470.310","34","-","1.796","53","25.361","56.529","311.400"
"Passo Fundo","4314100","-28.257600000000","-52.409100000000","457.434.388","971.906.717","705.058.859","1.712.066.235","1.063.720.427","1.200.009.644","952.339.272","920.808.411","925.772.647","1.188.209.800","1.147.473.832","2.207.532.331"
"Paulo Bento","4314134","-27.697800000000","-52.426099999990","94.042","511.798","625.273","890.058","1.010.696","2.884.167","2.922.253","5.933.667","4.654.596","4.305.396","5.215.907","8.943.406"
"Paverama","4314159","-29.548500000000","-51.733899999990","-","-","-","-","-","512","-","-","-","-","-","-"
"Pejuçara","4314308","-28.428300000000","-53.657899999990","-","-","-","-","-","-","-","-","-","-","-","56.000"
"Pelotas","4314407","-31.764900000000","-52.337100000000","33.820.931","77.631.405","147.392.464","82.012.865","90.845.169","107.391.809","96.617.370","125.092.567","169.837.066","136.550.844","130.539.325","93.505.001"
"Picada Café","4314423","-29.446400000000","-51.136699999990","12.587.401","20.486.284","11.664.685","10.856.928","11.723.745","14.696.808","24.653.414","21.074.179","17.220.810","14.452.696","7.988.032","16.896.051"
"Pinheiro Machado","4314506","-31.579400000000","-53.379800000000","-","-","-","-","-","-","-","-","-","-","68","2.900"
"Pinto Bandeira","4314548","-29.000000000000","-54.000000000000","-","9.698","14.343","46.456","6.004","17.261","108.632","229.816","240.247","21.041","39.635","43.393"
"Piratini","4314605","-31.447299999990","-53.097299999990","43.142","1.186","-","-","-","79.543","104.660","831.474","758.176","365.325","614.521","2.641.662"
"Planalto","4314704","-27.329699999990","-53.057500000000","-","-","-","-","-","-","63.800","307.397","170.886","574.119","311.624","1.587.182"
"Poço das Antas","4314753","-29.448100000000","-51.671900000000","-","-","-","-","1.738.099","9.118.671","10.842.913","11.262.943","9.611.006","7.607.379","8.689.131","7.365.695"
"Ponte Preta","4314787","-27.658700000000","-52.484800000000","-","-","-","-","-","-","59.878","159.766","85.918","103.481","61.847","22.289"
"Portão","4314803","-29.701499999990","-51.242899999990","127.515.478","149.971.829","88.017.247","88.713.249","87.028.077","81.006.879","63.809.886","59.552.949","58.718.056","53.459.125","41.672.854","50.422.895"
"Porto Alegre","4314902","-30.032778000000","-51.230000000000","632.158.811","915.094.808","996.898.275","1.323.632.598","1.637.133.741","1.494.391.526","1.189.263.142","1.017.583.917","1.056.374.830","781.713.368","666.329.438","1.218.767.571"
"Porto Mauá","4315057","-27.579599999990","-54.665700000000","-","-","-","-","-","109.705","119.135","-","-","-","-","2.776"
"Porto Xavier","4315107","-27.908200000000","-55.137900000000","898.303","3.161.114","1.019.030","717.072","393.248","800.241","5.474.547","991.481","2.070.539","334.938","2.565.514","3.837.053"
"Pouso Novo","4315131","-29.173800000000","-52.213600000000","-","-","-","-","-","-","-","-","36.370","36.534","-","-"
"Presidente Lucena","4315149","-29.517600000000","-51.179800000000","-","-","-","-","-","-","-","-","446.203","1.538.027","2.142.274","3.483.370"
"Putinga","4315206","-29.004500000000","-52.156900000000","23.880","-","-","2.274","1.416","43.499","118.253","106.678","12.285","31.656","43.235","82.106"
"Quaraí","4315305","-30.384000000000","-56.448300000000","2.728.496","2.360.890","3.741.350","4.843.895","2.624.936","3.823.197","3.127.451","2.383.243","3.357.834","3.128.433","2.378.079","3.209.266"
"Quevedos","4315321","-29.350400000000","-54.078899999990","-","-","-","135.274","149.823","27.300","-","-","-","-","-","-"
"Quinze de Novembro","4315354","-28.746500000000","-53.101100000000","-","-","-","-","-","-","-","-","-","-","-","27.237"
"Restinga Sêca","4315503","-29.818800000000","-53.380699999990","8.676.578","7.717.753","7.688.730","7.416.237","6.976.726","6.046.959","4.505.664","4.456.663","4.338.865","5.154.716","5.985.247","11.445.745"
"Rio Grande","4315602","-32.034900000000","-52.107100000000","1.689.373.652","2.528.932.918","2.389.725.693","2.660.696.675","2.914.334.787","2.339.185.835","2.217.328.746","2.444.776.989","3.190.739.587","2.806.271.048","2.055.424.845","3.944.791.487"
"Rio Pardo","4315701","-29.988000000000","-52.371099999990","-","86.474","17.806","21.840","64.190","26.579","75.983","52.374","57.238","-","-","-"
"Riozinho","4315750","-29.638999999990","-50.448799999990","164.458","107.835","76.673","146.014","177.566","1.297.101","1.123.115","796.034","1.260.619","550.746","933.706","1.739.680"
"Roca Sales","4315800","-29.288399999990","-51.865800000000","31.002.911","33.861.256","1.296.007","35.409.820","45.398.719","37.804.211","27.813.505","13.963.683","11.967.002","8.728.187","2.923.601","366.311"
"Rodeio Bonito","4315909","-27.474200000000","-53.170600000000","-","-","-","-","-","-","-","-","-","-","-","473"
"Rolante","4316006","-29.646200000000","-50.581899999990","8.780.290","13.315.725","12.608.667","13.070.904","14.956.011","12.904.308","15.371.908","15.957.179","16.592.555","18.771.977","13.729.666","27.527.111"
"Ronda Alta","4316105","-27.775800000000","-52.805599999990","20.120","11.070","20.031","10.513","614.474","-","-","-","-","-","-","-"
"Roque Gonzales","4316303","-28.129700000000","-55.026600000000","3.555","719","-","-","-","-","-","-","-","-","-","-"
"Rosário do Sul","4316402","-30.251500000000","-54.922100000000","723.300","1.453.028","94.560","3.120","39.989","44.386","131.420","92.096","80.454","-","6.680","161.228"
"Saldanha Marinho","4316436","-28.394100000000","-53.097000000000","-","-","-","-","-","-","-","-","68.230","16.560","-","-"
"Salto do Jacuí","4316451","-29.095099999990","-53.213299999990","-","-","-","-","-","576.080","198.337","149.848","-","42.500","112.330","584.500"
"Salvador das Missões","4316477","-28.123300000000","-54.837299999990","-","2.457.858","-","-","-","-","133.821","566.242","901.959","587.045","374.966","617.023"
"Salvador do Sul","4316501","-29.438600000000","-51.507700000000","17.106.533","12.666.295","19.321.064","13.911.218","10.632.589","11.189.606","15.561.911","20.313.800","23.791.628","35.063.784","22.935.618","28.012.729"
"Sananduva","4316600","-27.946999999990","-51.807899999990","-","-","-","-","-","-","-","-","-","25.798","111.844","158.533"
"Santa Bárbara do Sul","4316709","-28.365300000000","-53.250999999990","29.256.753","25.281.514","45.845.736","71.946.566","7.055.647","15.000.001","12.500.000","4.750.000","-","-","-","-"
"Santa Clara do Sul","4316758","-29.474699999990","-52.084299999990","8.858.119","4.698.665","-","-","-","-","-","-","-","-","-","-"
"Santa Cruz do Sul","4316808","-29.722000000000","-52.434300000000","896.045.134","1.247.599.844","1.468.764.665","1.532.343.290","1.352.139.126","1.075.484.476","1.081.526.991","1.000.947.636","1.023.182.868","1.115.799.974","838.826.378","718.058.100"
"Santa Margarida do Sul","4316972","-30.329599999990","-54.082299999990","-","135.975","257.292","-","-","-","-","-","-","-","-","-"
"Santa Maria","4316907","-29.686800000000","-53.814999999990","466.212.055","717.756.711","448.956.246","450.137.075","398.186.080","533.227.796","333.443.382","747.439.386","860.973.949","655.976.563","550.037.583","587.003.423"
"Santa Rosa","4317202","-27.870200000000","-54.479599999990","141.912.864","254.427.831","281.118.409","359.156.024","96.598.933","30.882.965","75.542.756","137.520.475","88.174.474","138.490.817","141.271.262","126.338.513"
"Santa Tereza","4317251","-29.165500000000","-51.735100000000","1.135.561","952.771","1.002.619","1.045.995","753.263","767.724","612.904","220.526","-","-","40.756","270.562"
"Santa Vitória do Palmar","4317301","-33.524999999990","-53.371699999990","3.855","-","14.899","-","0","-","113.434","-","4.193.775","13.457.917","7.524.309","9.516.996"
"Santana do Livramento","4317103","-30.887699999990","-55.531500000000","20.120.987","22.058.244","20.303.513","25.812.927","29.300.962","28.492.942","22.945.757","21.709.248","25.327.857","19.940.176","12.491.395","12.884.389"
"Santiago","4317400","-29.189699999990","-54.866599999990","-","-","-","-","-","-","-","-","-","-","-","219.333"
"Santo Ângelo","4317509","-28.300100000000","-54.266800000000","44.153.253","38.374.036","57.439.118","97.640.593","48.415.946","134.460.767","70.910.891","119.113.807","95.366.774","152.911.198","156.350.078","145.152.211"
"Santo Antônio da Patrulha","4317608","-29.826799999990","-50.517499999990","1.620.975","8.080.750","8.681.279","8.110.570","6.098.610","7.048.002","6.292.819","3.619.902","4.602.190","5.282.545","9.492.212","8.629.839"
"Santo Antônio do Planalto","4317756","-28.403099999990","-52.699199999990","-","-","-","-","-","-","-","-","25.494","21.676","-","-"
"Santo Augusto","4317806","-27.852599999990","-53.777600000000","-","-","-","505.930","424.945","260.988","178.651","207.650","271.901","385.865","315.558","405.838"
"Santo Cristo","4317905","-27.826300000000","-54.661999999990","86.029","156.138","45.272","2.151.912","17.201","80.227","23.395","119.031","173.814","281.505","2.778.613","5.071.995"
"São Borja","4318002","-28.657800000000","-56.003599999990","2.724.827","735.386","775.045","597.783","522.397","907.676","1.117.377","823.478","1.499.184","1.177.904","1.470.819","1.479.310"
"São Domingos do Sul","4318051","-28.531199999990","-51.886000000000","-","-","-","-","-","-","-","-","4.995","18.414","75.882","54.383"
"São Francisco de Paula","4318200","-29.440400000000","-50.582799999990","780.183","-","-","-","11.504","93.459","14.068","96.978","765.352","1.259.467","3.900.433","7.113.352"
"São Gabriel","4318309","-30.333700000000","-54.321700000000","79.777.332","79.119.531","69.469.522","61.263.413","31.444.046","24.088.006","19.429.464","25.979.288","34.869.170","22.651.452","70.357.269","54.165.794"
"São Jerônimo","4318408","-29.971599999990","-51.725099999990","395.141","388.577","557.730","536.013","709.704","944.918","345.556","511.607","420.334","993.758","319.536","535.004"
"São João do Polêsine","4318432","-29.619399999990","-53.443899999990","-","-","-","-","-","-","-","-","-","37.655","133.857","173.663"
"São José do Herval","4318465","-29.052000000000","-52.295000000000","-","-","-","-","-","-","-","-","-","-","54.535","56.644"
"São José do Hortêncio","4318481","-29.527999999990","-51.245000000000","13.951.840","10.754.443","6.111.270","5.395.553","1.848.424","198.990","253.433","189.039","113.265","189.628","197.345","232.712"
"São José do Inhacorá","4318499","-27.725100000000","-54.127499999990","-","-","-","-","-","-","-","139.355","459.923","193.761","880.274","1.469.474"
"São José do Norte","4318507","-32.015099999990","-52.033099999990","12.672.595","18.258.942","13.731.785","12.777.207","20.423.541","15.502.100","20.888.498","24.387.589","19.217.247","17.402.120","55.691.013","200.304.613"
"São José do Ouro","4318606","-27.770700000000","-51.596600000000","-","-","-","-","-","-","-","-","45.333","-","-","270.000"
"São José do Sul","4318614","-29.529000000000","-51.487099999990","-","-","-","-","-","-","-","-","-","-","7.000","-"
"São José dos Ausentes","4318622","-28.747599999990","-50.067700000000","-","-","-","-","-","-","-","364.920","434.086","42.633","-","645.585"
"São Leopoldo","4318705","-29.754500000000","-51.149799999990","438.589.886","467.944.348","505.156.948","524.469.638","454.825.177","415.729.817","399.119.018","453.136.890","417.382.956","410.283.714","437.265.036","553.398.162"
"São Lourenço do Sul","4318804","-31.356400000000","-51.971499999990","52.096","26.021","-","53.269","78.222","129.878","201.615","235.843","279.322","1.240.229","1.038.527","615.846"
"São Luiz Gonzaga","4318903","-28.411999999990","-54.955900000000","27.678.950","39.634.377","32.345.782","22.623.240","22.681.239","16.355.894","13.203.045","15.213.999","9.119.737","26.029.355","57.737.389","36.615.036"
"São Marcos","4319000","-28.967700000000","-51.069600000000","16.251.301","21.942.363","19.733.612","22.386.832","20.969.942","16.781.125","14.065.003","14.749.342","12.137.810","12.941.134","14.044.671","19.605.344"
"São Martinho","4319109","-27.711200000000","-53.969900000000","-","-","-","-","-","-","-","-","-","-","1.250","-"
"São Miguel das Missões","4319158","-28.556000000000","-54.555900000000","-","-","1.652.500","870.000","1.168","-","40.310","-","-","-","-","-"
"São Pedro da Serra","4319356","-29.419300000000","-51.513399999990","161.578","86.124","167.974","247.561","264.300","222.549","135.976","214.268","159.853","164.151","66.341","251.595"
"São Pedro do Butiá","4319372","-28.124300000000","-54.892600000000","-","-","-","-","-","-","-","-","-","21.462","17.982","42.036"
"São Pedro do Sul","4319406","-29.620200000000","-54.185499999990","-","-","-","-","-","10.662","-","35.942","22.122","-","-","-"
"São Sebastião do Caí","4319505","-29.588500000000","-51.374899999990","53.511.832","76.434.564","70.100.024","70.494.823","73.445.403","62.390.543","59.108.324","54.312.577","65.683.453","70.022.245","61.366.395","60.687.765"
"São Sepé","4319604","-30.164300000000","-53.560299999990","6.980","331.295","61.920","31.800","-","-","807","306","-","1.830","-","-"
"São Valentim","4319703","-27.558299999990","-52.523699999990","364.330","-","-","-","-","-","-","-","-","-","-","-"
"São Valentim do Sul","4319711","-29.045100000000","-51.768400000000","674.086","725.008","605.990","1.006.798","1.254.433","732.702","884.921","1.462.928","2.446.070","1.469.978","2.409.095","4.105.604"
"São Vendelino","4319752","-29.372900000000","-51.367500000000","246.679","266.263","285.765","244.001","243.483","100.106","249.406","576.414","380.613","380.383","315.610","543.538"
"São Vicente do Sul","4319802","-29.688199999990","-54.682600000000","-","-","115.528","155.899","30.847","158.210","-","-","-","-","-","-"
"Sapiranga","4319901","-29.634899999990","-51.006500000000","162.123.358","149.616.354","106.763.230","103.606.080","112.071.423","103.315.994","119.720.129","137.948.207","128.826.092","138.657.685","84.021.979","129.544.461"
"Sapucaia do Sul","4320008","-29.827600000000","-51.145000000000","37.068.423","50.061.386","41.103.497","44.201.700","32.921.374","29.082.589","26.137.402","42.462.128","58.370.027","35.545.609","26.645.124","46.359.016"
"Sarandi","4320107","-27.942000000000","-52.923099999990","1.416.000","18.165.500","10.964.000","-","-","-","11.822","28.136","52.837","278.860","595.512","1.300.409"
"Seberi","4320206","-27.482900000000","-53.402600000000","-","-","-","-","-","609.741","14.659.151","26.701.623","15.607.102","26.927.351","71.970.986","93.157.935"
"Selbach","4320305","-28.629400000000","-52.949800000000","-","-","-","-","-","-","51.495","28.066","-","-","-","-"
"Sentinela do Sul","4320354","-30.610700000000","-51.586199999990","-","-","-","-","91.800","25.128","88.710","117.058","22.340","-","460.363","144.072"
"Serafina Corrêa","4320404","-28.712599999990","-51.935299999990","4.467.577","1.429.279","2.378.418","2.560.306","2.967.482","4.290.468","3.385.782","2.612.154","1.671.044","1.192.532","3.647.573","3.892.924"
"Sertão","4320503","-27.979800000000","-52.258800000000","-","-","-","-","-","-","-","243.715","552.302","198.820","218.584","225.800"
"Sertão Santana","4320552","-30.456199999990","-51.601700000000","1.389.941","2.771.674","1.355.417","24.000","42.525","-","-","-","-","365.479","3.763.233","536.613"
"Silveira Martins","4320651","-29.646699999990","-53.591000000000","74.231","60.987","53.373","78.743","91.253","97.160","93.410","101.834","152.214","171.176","99.595","112.455"
"Sinimbu","4320677","-29.535699999990","-52.530500000000","-","-","-","105.434","7.905","60.810","181.254","214.203","241.470","185.422","436.629","503.778"
"Sobradinho","4320701","-29.419400000000","-53.032600000000","2.085.579","4.458.175","3.377.484","1.427.284","2.323.018","3.275.416","1.658.241","1.219.279","3.111.543","3.070.069","3.124.210","3.778.062"
"Soledade","4320800","-28.830600000000","-52.513100000000","47.450.946","77.723.342","90.989.397","75.077.576","63.738.396","55.879.259","56.895.311","63.381.487","61.672.241","60.216.197","52.984.135","83.865.035"
"Tapejara","4320909","-28.065200000000","-52.009700000000","5.401.432","7.125.018","18.463.012","18.369.307","26.062.912","22.183.913","19.311.548","24.855.904","25.793.279","29.497.714","29.299.453","32.093.850"
"Tapera","4321006","-28.627700000000","-52.861199999990","17.730","1.861.365","-","-","-","438.096","105.721","59.605","13.168","521.594","568.921","813.799"
"Tapes","4321105","-30.668299999990","-51.399099999990","708.373","3.591.437","3.917.833","932.751","267.308","823.651","398.781","272.037","1.268","12.202","31.682","110.515"
"Taquara","4321204","-29.650500000000","-50.775300000000","9.520.080","17.352.159","2.557.992","2.296.521","1.786.587","1.977.504","2.790.829","3.061.886","3.072.202","2.254.178","3.915.181","5.855.631"
"Taquari","4321303","-29.794300000000","-51.865299999990","52.062.230","65.250.884","48.950.543","59.028.929","28.350.085","27.099.169","26.248.000","34.043.691","40.262.365","31.473.969","31.403.246","31.258.423"
"Tavares","4321352","-31.284300000000","-51.088000000000","-","-","-","-","-","-","-","-","-","7.911","357.655","1.428.835"
"Tenente Portela","4321402","-27.371099999990","-53.758499999990","-","-","-","-","-","19.297","22.172","10.000","9.229","-","-","-"
"Terra de Areia","4321436","-29.578199999990","-50.064399999990","-","-","-","-","-","-","-","-","-","1.155","-","38.744"
"Teutônia","4321451","-29.448200000000","-51.804400000000","13.805.699","22.702.611","12.273.680","10.865.503","8.362.349","7.184.564","6.613.125","11.028.669","8.454.747","1.492.681","2.780.519","6.811.736"
"Torres","4321501","-29.333400000000","-49.733300000000","3.131","27.000","51.652","103.019","2.173.300","-","-","2.101","-","-","177.115","244.199"
"Tramandaí","4321600","-29.984100000000","-50.132199999990","2.940","363","19.744","16.874","322.911","3.282","23.181","238.578","490.212","1.324.204","1.973.757","2.127.219"
"Três Arroios","4321634","-27.500299999990","-52.144799999990","-","-","-","-","-","-","-","-","-","-","-","50.702"
"Três Cachoeiras","4321667","-29.448699999990","-49.927500000000","-","-","-","-","-","20.210","14.005","116.101","30.683","44.683","25.973","35.375"
"Três Coroas","4321709","-29.513700000000","-50.773899999990","24.783.743","28.052.395","28.252.069","26.078.574","21.698.729","16.698.092","19.522.850","22.338.443","17.236.819","15.896.943","11.038.647","10.822.197"
"Três de Maio","4321808","-27.780000000000","-54.235700000000","11.169.524","24.457.563","2.249.674","33.141","19.500","-","136.119","547.110","39.094","13.789","774.958","3.953.916"
"Três Palmeiras","4321857","-27.613900000000","-52.843699999990","-","-","-","-","-","-","-","-","-","-","1.157","-"
"Três Passos","4321907","-27.455500000000","-53.929600000000","-","-","-","793.123","135.448","-","104.850","-","-","-","2.869.197","33.909.673"
"Trindade do Sul","4321956","-27.523900000000","-52.895600000000","-","-","-","-","-","6.767.358","4.576.095","4.394.246","941.278","802.881","1.524.219","2.743.670"
"Triunfo","4322004","-29.929099999990","-51.707500000000","1.506.595.185","1.953.693.210","1.709.104.379","1.961.277.125","1.812.521.832","1.557.695.867","1.375.797.732","1.583.112.932","1.425.435.038","1.304.554.744","811.883.541","1.410.060.871"
"Tucunduva","4322103","-27.657299999990","-54.443899999990","7.275.920","6.538.000","5.369.000","-","6.230.000","-","-","-","22.495","1.754","-","-"
"Tupanciretã","4322202","-29.085799999990","-53.844499999990","30.002.609","43.568.097","46.875.990","22.815.008","8.179.299","5.440.240","2.942.100","7.900.220","8.260.670","2.518.980","606.288","1.090.510"
"Tupandi","4322251","-29.477200000000","-51.417400000000","18.425.838","24.092.691","21.487.536","35.051.630","33.226.891","20.921.164","19.500.052","18.776.681","19.180.134","12.202.083","13.780.561","28.423.624"
"Tuparendi","4322301","-27.759799999990","-54.481400000000","7.050.512","7.912.835","10.533.822","9.432.475","16.610.431","10.909.222","9.787.625","9.765.593","11.410.909","10.530.605","4.429.160","1.125.750"
"Turuçu","4322327","-31.417300000000","-52.170600000000","-","-","-","-","-","-","8.082","216.107","78.605","7.544","-","-"
"Uruguaiana","4322400","-29.761399999990","-57.085299999990","2.530.879","4.618.320","2.751.188","965.124","3.289.287","6.192.758","4.036.775","5.947.540","10.353.903","13.136.249","22.342.532","21.602.458"
"Vacaria","4322509","-28.507899999990","-50.941800000000","41.035.155","36.642.109","42.942.894","60.616.165","29.778.562","45.340.270","17.365.584","31.659.204","47.617.963","36.660.095","39.911.901","63.258.657"
"Vale do Sol","4322533","-29.596699999990","-52.683900000000","-","-","-","-","6.209.341","8.036.559","6.799.471","1.029.024","-","-","-","675.471"
"Vale Real","4322541","-29.391900000000","-51.255899999990","-","2.678","17.595","-","-","474","-","6.560","-","4.050","44.551","29.540"
"Venâncio Aires","4322608","-29.614300000000","-52.193199999990","764.128.744","707.031.019","796.644.951","807.038.071","545.393.549","526.819.366","577.497.650","622.269.242","590.173.122","692.962.009","518.773.206","543.599.373"
"Vera Cruz","4322707","-29.718399999990","-52.515200000000","64.967.028","50.970.204","60.079.174","89.868.244","72.413.540","52.184.028","40.499.756","66.159.439","6.640.381","6.199.458","15.290.552","17.400.405"
"Veranópolis","4322806","-28.931200000000","-51.551600000000","54.649.445","46.044.164","31.885.843","42.943.389","39.893.355","39.853.936","33.663.363","89.565.322","94.839.481","49.932.038","46.670.521","99.949.776"
"Viadutos","4322905","-27.571600000000","-52.021099999990","-","-","-","-","-","-","-","-","-","-","31.836","50.474"
"Viamão","4323002","-30.081900000000","-51.019399999990","463.994","5.366.803","8.857.726","6.382.685","7.887.128","5.075.946","8.520.315","30.852.625","54.737.591","34.551.569","37.585.543","47.300.044"
"Vicente Dutra","4323101","-27.160799999990","-53.402200000000","3.963","-","12.552","4.139","-","-","-","3.872","11.937","2.474","1.200","-"
"Victor Graeff","4323200","-28.563199999990","-52.749499999990","-","-","-","-","-","-","-","-","-","-","12.000","48.992"
"Vila Flores","4323309","-28.859800000000","-51.550400000000","1.252.308","1.664.977","1.914.999","1.999.701","2.678.273","1.669.508","2.350.995","1.482.216","5.340.869","16.454.479","24.876.600","19.527.339"
"Vila Maria","4323408","-28.535900000000","-52.148699999990","736.133","583.726","608.116","599.964","791.873","354.601","399.454","444.529","514.426","557.908","1.578.448","6.057.524"
"Westfalia","4323770","-29.374400000000","-51.746299999990","41.015.193","36.883.088","33.786.590","32.280.772","29.382.068","28.222.378","23.381.152","22.463.891","25.440.533","13.945.976","13.077.375","10.658.538"
"Xangri-lá","4323804","-29.806500000000","-50.051900000000","-","11.130","3.680","-","461.266","-","-","84.833","-","-","-","143"